{"chunk_definitions":[{"row":24,"row_count":1,"visible":true,"expansion_state":0,"options":{"engine":"r","label":"unnamed-chunk-39","dev":"png"},"document_id":"3F1A2DE1","chunk_id":"ctnwllrd88lpy","chunk_label":"unnamed-chunk-1"},{"row":32,"row_count":1,"visible":true,"expansion_state":0,"options":{"engine":"r","label":"unnamed-chunk-40","dev":"png"},"document_id":"AA2F8284","chunk_id":"cislzyp1ueons","chunk_label":"unnamed-chunk-2"},{"row":37,"row_count":1,"visible":true,"expansion_state":0,"options":{"engine":"r","label":"unnamed-chunk-41","dev":"png"},"document_id":"AA2F8284","chunk_id":"c9j8vi70r1act","chunk_label":"unnamed-chunk-3"}],"doc_write_time":1739752437}